,Asset,TPD,Feed Rate,Inlet O2%,Outlet O2%,False Air%,Fan RPM,Fan KW
0,Killn,6955.517023150463,246.54647414583334,8.557767237751937,6.406720595277779,-14.739981212023556,,
1,PC,6955.517023150463,246.42704512499998,,3.2732519993749998,,791.6049381180557,2444.1308290972224
